fips	june2011	dec2012
01001	0.8333	0.8091
01003	0.9488	0.9465
01005	0.7846	0.7649
01007	0.5929	0.4374
01009	0.9394	0.9202
01011	0.9497	0.9647
01013	0.8481	0.8649
01015	0.9436	0.9312
01017	0.8563	0.8738
01019	0.8148	0.7170
01021	0.7935	0.7535
01023	0.7470	0.6861
01025	0.5400	0.4892
01027	0.7189	0.7396
01029	0.7212	0.6763
01031	0.8525	0.8608
01033	0.8205	0.8413
01035	0.3183	0.2553
01037	0.7377	0.8029
01039	0.8076	0.7835
01041	0.5795	0.6540
01043	0.9182	0.9013
01045	0.8720	0.9368
01047	0.8853	0.8755
01049	0.9670	0.9621
01051	0.9128	0.8739
01053	0.7207	0.7203
01055	0.9584	0.9598
01057	0.6303	0.5847
01059	0.7175	0.7476
01061	0.6800	0.6874
01063	0.4743	0.4509
01065	0.6855	0.6579
01067	0.6959	0.6972
01069	0.9278	0.9300
01071	0.8910	0.9110
01073	0.9914	0.9910
01075	0.5614	0.6009
01077	0.8040	0.7671
01079	0.7089	0.6670
01081	0.9706	0.9710
01083	0.9413	0.9455
01085	0.6812	0.6195
01087	0.7910	0.7702
01089	0.9697	0.9649
01091	0.8336	0.8229
01093	0.7539	0.7970
01095	0.9625	0.9781
01097	0.9727	0.9651
01099	0.5003	0.5008
01101	0.9733	0.9696
01103	0.9726	0.9778
01105	0.6034	0.5404
01107	0.7517	0.7689
01109	0.8074	0.8435
01111	0.8409	0.8313
01113	0.9152	0.8575
01115	0.8933	0.9131
01117	0.9846	0.9839
01119	0.6919	0.6889
01121	0.9206	0.9112
01123	0.9292	0.9373
01125	0.9242	0.9192
01127	0.8283	0.8383
01129	0.7374	0.6822
01131	0.5676	0.5703
01133	0.6323	0.6885
02013	0.0000	0.0000
02016	0.0000	0.0000
02020	0.9944	0.9933
02050	0.0000	0.3915
02060	0.0000	0.0000
02068	0.8235	0.9087
02070	0.0000	0.1618
02090	0.8379	0.8468
02100	0.7307	0.7205
02105	0.1425	0.1434
02110	0.9765	0.9741
02122	0.6920	0.6718
02130	0.9748	0.9741
02150	0.8315	0.7927
02164	0.0000	0.0488
02170	0.8408	0.8390
02180	0.0000	0.0000
02185	0.0000	0.0000
02188	0.0000	0.0000
02195	0.6419	0.6324
02198	0.4095	0.4030
02220	0.9409	0.9462
02230	0.9435	0.9414
02240	0.3811	0.4468
02261	0.7874	0.7677
02270	0.0000	0.0000
02275	0.7441	0.8208
02282	0.0000	0.0000
02290	0.1284	0.1690
04001	0.2400	0.3455
04003	0.9790	0.9804
04005	0.6478	0.6404
04007	0.6284	0.6689
04009	0.9369	0.9238
04011	0.9594	0.9521
04012	0.5480	0.5508
04013	0.9957	0.9934
04015	0.9127	0.9379
04017	0.5957	0.6293
04019	0.9941	0.9928
04021	0.9430	0.9174
04023	0.8271	0.8736
04025	0.9053	0.9049
04027	0.8576	0.9698
05001	0.9240	0.9212
05003	0.7957	0.7791
05005	0.9438	0.9429
05007	0.9641	0.9649
05009	0.9456	0.9456
05011	0.5604	0.8285
05013	0.0799	0.6267
05015	0.7926	0.8044
05017	0.8000	0.7892
05019	0.7929	0.7723
05021	0.9153	0.9161
05023	0.8716	0.8702
05025	0.6149	0.6453
05027	0.8320	0.8052
05029	0.7366	0.7486
05031	0.9741	0.9565
05033	0.9017	0.9110
05035	0.8692	0.8762
05037	0.7390	0.7576
05039	0.7307	0.7115
05041	0.8872	0.8602
05043	0.6390	0.6427
05045	0.9592	0.9678
05047	0.8546	0.8563
05049	0.8932	0.8891
05051	0.9507	0.9484
05053	0.7915	0.7882
05055	0.7677	0.7693
05057	0.7644	0.7980
05059	0.5445	0.7793
05061	0.5950	0.7456
05063	0.7873	0.7888
05065	0.8715	0.8687
05067	0.8294	0.7976
05069	0.8304	0.8358
05071	0.8090	0.7973
05073	0.3904	0.8157
05075	0.7923	0.7660
05077	0.6088	0.6076
05079	0.7839	0.7741
05081	0.6186	0.8222
05083	0.8637	0.8712
05085	0.9862	0.9871
05087	0.6685	0.6784
05089	0.8318	0.8284
05091	0.9609	0.9319
05093	0.9098	0.9128
05095	0.7763	0.7252
05097	0.7484	0.7332
05099	0.7310	0.7327
05101	0.7251	0.7564
05103	0.7206	0.7679
05105	0.7027	0.6817
05107	0.8692	0.8291
05109	0.8650	0.8621
05111	0.8472	0.8377
05113	0.7924	0.8200
05115	0.9523	0.9523
05117	0.8926	0.8936
05119	0.9860	0.9872
05121	0.8589	0.8426
05123	0.6611	0.6710
05125	0.9132	0.8672
05127	0.7149	0.6672
05129	0.7100	0.7182
05131	0.9859	0.9862
05133	0.8515	0.8935
05135	0.8634	0.8684
05137	0.8198	0.8353
05139	0.9064	0.9036
05141	0.6981	0.6983
05143	0.9642	0.9738
05145	0.9346	0.9339
05147	0.8811	0.8831
05149	0.6260	0.5423
06001	0.9988	0.9995
06003	0.5421	0.8571
06005	0.9146	0.8767
06007	0.9903	0.9884
06009	0.8763	0.8490
06011	0.9386	0.9349
06013	0.9996	0.9998
06015	0.8891	0.9113
06017	0.9010	0.8815
06019	0.9925	0.9865
06021	0.9696	0.9636
06023	0.7935	0.8957
06025	0.8754	0.9421
06027	0.4546	0.4704
06029	0.9263	0.9420
06031	0.9384	0.9470
06033	0.9913	0.9923
06035	0.7937	0.7716
06037	0.9979	0.9983
06039	0.9891	0.9902
06041	0.9792	0.9864
06043	0.7622	0.7981
06045	0.7007	0.8003
06047	0.9991	0.9989
06049	0.4121	0.2182
06051	0.6103	0.6306
06053	0.8941	0.9104
06055	0.9985	0.9991
06057	0.7756	0.9417
06059	0.9997	0.9993
06061	0.9478	0.9560
06063	0.8535	0.8499
06065	0.9798	0.9834
06067	0.9999	0.9999
06069	0.8957	0.9355
06071	0.9626	0.9626
06073	0.9790	0.9866
06075	1.0000	1.0000
06077	1.0000	1.0000
06079	0.9031	0.9188
06081	0.9973	0.9963
06083	0.9675	0.9786
06085	0.9995	0.9993
06087	0.9995	0.9935
06089	0.9939	0.9934
06091	0.8904	0.9013
06093	0.9598	0.8968
06095	1.0000	1.0000
06097	0.9775	0.9845
06099	0.9996	0.9996
06101	1.0000	1.0000
06103	0.9734	0.9778
06105	0.4953	0.4285
06107	0.9827	0.9814
06109	0.7035	0.6558
06111	0.9921	0.9924
06113	0.9991	0.9991
06115	0.9979	0.9978
08001	0.9981	0.9991
08003	0.9962	0.9963
08005	0.9996	0.9999
08007	0.8435	0.9119
08009	0.9431	0.9261
08011	0.9940	0.9856
08013	0.9901	0.9960
08014	1.0000	1.0000
08015	0.6671	0.6864
08017	0.9009	0.8504
08019	0.8732	0.8992
08021	0.9228	0.9207
08023	0.9943	0.9782
08025	0.9807	0.9693
08027	0.5074	0.6793
08029	0.9543	0.9952
08031	1.0000	1.0000
08033	0.7373	0.7160
08035	0.9965	0.9978
08037	0.7527	0.9337
08039	0.7572	0.9071
08041	0.9728	0.9942
08043	0.8765	0.9221
08045	0.9411	0.9931
08047	0.8941	1.0000
08049	0.7555	0.9715
08051	0.6544	0.7000
08053	0.6818	0.7884
08055	0.6658	0.6920
08057	0.0067	0.0072
08059	0.9962	0.9972
08061	0.8855	0.8471
08063	0.7553	0.7725
08065	0.8069	0.8036
08067	0.7824	0.9146
08069	0.9712	0.9850
08071	0.6410	0.7263
08073	0.9182	0.9119
08075	0.9388	0.9805
08077	0.9683	0.9764
08079	0.4868	0.5290
08081	0.8509	0.8638
08083	0.7154	0.7051
08085	0.9320	0.9273
08087	0.8957	0.9421
08089	0.9966	0.9923
08091	0.7680	0.9497
08093	0.5714	0.8280
08095	0.8480	0.9981
08097	0.8484	0.9523
08099	0.9913	0.9926
08101	0.8315	0.9823
08103	0.6932	0.7638
08105	0.7863	0.7751
08107	0.9077	0.9358
08109	0.8308	0.8463
08111	0.6212	0.8048
08113	0.4584	0.5375
08115	0.7154	0.8761
08117	0.9447	0.9872
08119	0.7696	0.9979
08121	0.6335	0.6033
08123	0.9826	0.9923
08125	0.6634	0.6796
09001	0.9993	0.9993
09003	0.9978	0.9978
09005	0.9881	0.9871
09007	0.9856	0.9873
09009	0.9971	0.9977
09011	0.9891	0.9891
09013	0.9954	0.9968
09015	0.9969	0.9965
10001	0.9643	0.9656
10003	0.9972	0.9967
10005	0.9576	0.9592
11001	0.9877	0.9878
12001	0.9667	0.8681
12003	0.9675	0.6432
12005	0.9870	0.9832
12007	0.9187	0.8027
12009	0.9986	0.9979
12011	0.9841	0.9988
12013	0.8047	0.4751
12015	0.9804	0.9853
12017	0.9804	0.9807
12019	0.9393	0.9373
12021	0.9798	0.9873
12023	0.9448	0.8074
12027	0.9524	0.9829
12029	0.7347	0.6555
12031	0.9505	0.9899
12033	0.9801	0.9792
12035	0.9908	0.9905
12037	0.9202	0.9068
12039	0.9548	0.8545
12041	0.9796	0.6191
12043	0.8754	0.9015
12045	0.9701	0.9017
12047	0.8888	0.3631
12049	0.9064	0.9363
12051	0.8939	0.9407
12053	0.9890	0.9903
12055	0.9828	0.9891
12057	0.9940	0.9968
12059	0.6652	0.6127
12061	0.9980	0.9979
12063	0.8170	0.8137
12065	0.8276	0.8590
12067	0.7720	0.0804
12069	0.9730	0.9836
12071	0.9884	0.9902
12073	0.9865	0.9919
12075	0.9232	0.9139
12077	0.7147	0.4511
12079	0.8094	0.8361
12081	0.9842	0.9829
12083	0.9713	0.9268
12085	0.9791	0.9927
12086	0.9507	0.9873
12087	0.9546	0.9439
12089	0.9406	0.8194
12091	0.9786	0.9797
12093	0.9822	0.9905
12095	0.9999	1.0000
12097	0.9983	1.0000
12099	0.9916	0.9996
12101	0.9938	0.9952
12103	0.9987	0.9999
12105	0.9837	0.9862
12107	0.8817	0.7483
12109	0.9518	0.9253
12111	0.9849	0.9834
12113	0.9624	0.9568
12115	0.9734	0.9745
12117	1.0000	1.0000
12119	0.9798	0.9916
12121	0.9647	0.3458
12123	0.9216	0.7359
12125	0.9018	0.2081
12127	0.9866	0.9869
12129	0.9562	0.9636
12131	0.9431	0.9394
12133	0.6732	0.4910
13001	0.7588	0.6782
13003	0.9629	0.9574
13005	0.9685	0.9611
13007	0.1270	0.0762
13009	0.9933	0.9938
13011	0.9767	0.9706
13013	0.9960	0.9969
13015	0.9958	0.9983
13017	0.9683	0.9717
13019	0.9233	0.9264
13021	0.9981	0.8968
13023	0.8357	0.7880
13025	0.9988	0.9933
13027	0.9255	0.9210
13029	0.9695	0.9762
13031	0.9829	0.9854
13033	0.8938	0.8791
13035	0.9809	0.9624
13037	0.7816	0.7050
13039	0.9929	0.9850
13043	0.9899	0.9923
13045	0.9912	0.9741
13047	0.9838	0.9791
13049	0.8356	0.4969
13051	0.9673	0.9656
13053	0.9779	0.9751
13055	0.9867	0.9880
13057	0.9983	0.9993
13059	0.9995	0.9987
13061	0.6808	0.6751
13063	1.0000	0.9997
13065	0.8539	0.8345
13067	0.9991	0.9990
13069	0.9564	0.9562
13071	0.9853	0.9877
13073	0.9970	0.9939
13075	0.9513	0.9168
13077	0.9949	0.9936
13079	0.9907	0.9930
13081	0.9180	0.9063
13083	0.8825	0.8965
13085	0.9911	0.9919
13087	0.9592	0.7778
13089	1.0000	1.0000
13091	0.9082	0.8253
13093	0.9497	0.9518
13095	0.9864	0.9792
13097	0.9970	0.9951
13099	0.8779	0.7804
13101	0.9056	0.3775
13103	0.9681	0.9699
13105	0.9029	0.8160
13107	0.8900	0.7326
13109	0.8445	0.5948
13111	0.9916	0.9952
13113	0.9973	0.9933
13115	0.9829	0.9869
13117	0.9993	1.0000
13119	0.9449	0.8312
13121	0.9953	0.9952
13123	0.9883	0.9893
13125	0.7498	0.6045
13127	0.9935	0.9471
13129	0.9996	1.0000
13131	0.9845	0.9736
13133	0.9734	0.9006
13135	0.9998	0.9981
13137	0.9896	0.9918
13139	0.9970	0.9943
13141	0.5174	0.3648
13143	0.9310	0.8507
13145	0.9657	0.9577
13147	0.9873	0.9416
13149	0.8330	0.7661
13151	0.9997	0.9992
13153	0.9984	0.9810
13155	0.8662	0.8574
13157	0.9900	0.9908
13159	0.8048	0.7161
13161	0.7372	0.7018
13163	0.8182	0.7708
13165	0.7586	0.7186
13167	0.6581	0.6448
13169	0.9902	0.9719
13171	0.9806	0.8802
13173	0.8544	0.8137
13175	0.9583	0.9051
13177	0.9601	0.9369
13179	0.9909	0.9751
13181	0.8481	0.8413
13183	0.7255	0.7164
13185	0.9895	0.9467
13187	0.9734	0.9770
13189	0.9691	0.9608
13191	0.9760	0.9618
13193	0.9472	0.9504
13195	0.9899	0.9743
13197	0.9565	0.9579
13199	0.8088	0.7865
13201	0.8343	0.4028
13205	0.7858	0.7221
13207	0.9136	0.5646
13209	0.8761	0.8290
13211	0.8337	0.6329
13213	0.9990	0.9994
13215	0.9985	0.9985
13217	0.9977	0.9926
13219	0.9891	0.9550
13221	0.9694	0.9667
13223	0.9904	0.9921
13225	0.9829	0.9347
13227	0.9980	0.9999
13229	0.9495	0.8339
13231	0.9259	0.7827
13233	0.9873	0.9796
13235	0.9476	0.9535
13237	0.9160	0.9170
13239	0.4049	0.2980
13241	0.9727	0.9688
13243	0.7649	0.7739
13245	0.9973	0.9965
13247	0.9995	0.9996
13249	0.8480	0.8532
13251	0.9921	0.9958
13253	0.9837	0.9650
13255	0.9975	0.9971
13257	0.9414	0.9451
13259	0.6517	0.6019
13261	0.9298	0.8831
13263	0.9670	0.9698
13265	0.4639	0.4734
13267	0.8283	0.8326
13269	0.9978	1.0000
13271	0.6606	0.6362
13273	0.9695	0.9671
13275	0.9812	0.9622
13277	0.9759	0.9533
13279	0.9027	0.4702
13281	0.6679	0.7023
13283	0.9974	0.9990
13285	0.9651	0.9695
13287	0.9510	0.9572
13289	0.8019	0.8037
13291	0.9725	0.9763
13293	0.9961	0.9944
13295	0.9724	0.9811
13297	0.9876	0.9832
13299	0.9407	0.8997
13301	0.7918	0.7415
13303	0.7160	0.7033
13305	0.9623	0.9378
13307	0.7100	0.6910
13309	0.6900	0.6807
13311	0.9820	0.9849
13313	0.9990	0.9996
13315	0.7255	0.7201
13317	0.7241	0.7203
13319	0.9379	0.9449
13321	0.8188	0.7664
15001	0.8572	0.8582
15003	0.9992	0.9984
15005	0.9052	0.9035
15007	0.9868	0.9797
15009	0.9724	0.9692
16001	0.9978	0.9985
16003	0.4592	0.4105
16005	0.9181	0.9188
16007	0.8269	0.8170
16009	0.5072	0.6549
16011	0.7342	0.7572
16013	0.8553	0.8964
16015	0.3381	0.3173
16017	0.8512	0.8622
16019	0.9211	0.9388
16021	0.7486	0.7818
16023	0.8829	0.8749
16025	0.0000	0.6320
16027	0.9945	0.9993
16029	0.7603	0.7558
16031	0.9191	0.9748
16033	0.0000	0.0000
16035	0.6931	0.7147
16037	0.9166	0.9238
16039	0.8106	0.8190
16041	0.8070	0.8007
16043	0.4287	0.3673
16045	0.9690	0.9760
16047	0.6287	0.9942
16049	0.7507	0.7106
16051	0.5719	0.6316
16053	0.6966	0.9967
16055	0.9598	0.9602
16057	0.9277	0.9168
16059	0.6963	0.7062
16061	0.9847	0.9839
16063	0.5324	0.9791
16065	0.7466	0.8073
16067	0.9953	0.9999
16069	0.9242	0.9269
16071	0.9114	0.9157
16073	0.7139	0.7705
16075	0.9149	0.9847
16077	0.7717	0.7821
16079	0.8439	0.8536
16081	0.8321	0.8427
16083	0.8725	0.9893
16085	0.5142	0.5023
16087	0.7352	0.9084
17001	0.9499	0.9634
17003	0.1685	0.1212
17005	0.8905	0.9606
17007	0.9975	0.9981
17009	0.8405	0.8286
17011	0.9585	0.9794
17013	0.4665	0.5110
17015	0.9756	0.9795
17017	0.9843	0.9822
17019	0.9949	0.9984
17021	0.9797	0.9860
17023	0.8654	0.8507
17025	0.7951	0.8717
17027	0.9424	0.9791
17029	0.9867	0.9900
17031	1.0000	1.0000
17033	0.8289	0.8789
17035	0.7558	0.8685
17037	0.9987	0.9988
17039	0.9706	0.9547
17041	0.9523	0.9644
17043	1.0000	1.0000
17045	0.8424	0.9023
17047	0.7934	0.8498
17049	0.9511	0.9661
17051	0.7757	0.8767
17053	0.9838	0.9951
17055	0.9391	0.9922
17057	0.8448	0.9362
17059	0.6647	0.7380
17061	0.7783	0.8178
17063	0.9881	0.9917
17065	0.9977	0.9961
17067	0.9064	0.9156
17069	0.8000	1.0000
17071	0.5138	0.4958
17073	0.9789	0.9892
17075	0.8837	0.9704
17077	0.8722	0.9646
17079	0.7126	0.7633
17081	0.9403	0.9604
17083	0.8601	0.9082
17085	0.9271	0.9175
17087	0.5920	0.6932
17089	0.9996	0.9997
17091	0.9517	0.9829
17093	0.9980	0.9975
17095	0.9801	0.9883
17097	0.9992	0.9991
17099	0.9779	0.9865
17101	0.8772	0.9065
17103	0.9924	0.9938
17105	0.9856	0.9970
17107	0.7678	0.8885
17109	0.9764	0.9826
17111	0.9987	0.9995
17113	0.9936	0.9952
17115	0.9736	0.9867
17117	0.8810	0.9229
17119	0.9949	0.9973
17121	0.8769	0.9811
17123	0.9133	0.9477
17125	0.8870	0.9255
17127	0.4104	0.9467
17129	0.8638	0.8647
17131	0.9208	0.9206
17133	0.9924	0.9945
17135	0.8999	0.9523
17137	0.9557	0.9734
17139	0.9811	0.9974
17141	0.9511	0.9677
17143	0.9762	0.9886
17145	0.8376	0.8776
17147	0.9895	0.9903
17149	0.6357	0.7313
17151	0.3470	0.7808
17153	0.4104	0.5452
17155	0.7135	0.7965
17157	0.9573	0.9697
17159	0.9087	0.9532
17161	0.9824	0.9937
17163	0.9915	0.9940
17165	0.7371	0.8402
17167	0.9731	0.9808
17169	0.7842	0.7627
17171	0.7621	0.9211
17173	0.8909	0.9094
17175	0.9040	0.9424
17177	0.9643	0.9761
17179	0.9483	0.9744
17181	0.5243	0.6321
17183	0.9463	0.9702
17185	0.6454	0.8315
17187	0.8549	0.8761
17189	0.9463	0.9515
17191	0.7574	0.8775
17193	0.6645	0.7418
17195	0.9774	0.9856
17197	0.9967	0.9986
17199	0.8991	0.9549
17201	0.9989	0.9984
17203	0.9239	0.9553
18001	1.0000	1.0000
18003	1.0000	1.0000
18005	0.9683	0.9652
18007	0.9726	0.9739
18009	0.8551	0.8752
18011	0.9968	0.9973
18013	0.6172	0.6061
18015	0.9945	0.9877
18017	0.9983	0.9986
18019	0.9677	0.9937
18021	0.9262	0.9594
18023	0.9984	0.9983
18025	0.7085	0.7893
18027	0.7964	0.8418
18029	0.9543	0.8873
18031	0.9732	0.6861
18033	1.0000	1.0000
18035	0.9801	0.9848
18037	0.9656	0.9757
18039	1.0000	1.0000
18041	0.7696	0.8652
18043	0.9632	0.9936
18045	1.0000	1.0000
18047	0.8181	0.4044
18049	0.9833	0.9957
18051	0.8542	0.9076
18053	0.9904	0.9907
18055	0.6241	0.6713
18057	0.9979	0.9984
18059	0.9973	0.9976
18061	0.8789	0.9103
18063	0.9937	0.9972
18065	0.9570	0.9856
18067	0.9921	0.9931
18069	0.9928	0.9939
18071	0.9637	0.9678
18073	0.9815	0.9809
18075	0.9468	0.9461
18077	0.9551	0.9585
18079	0.9968	0.9970
18081	0.9971	0.9977
18083	0.8888	0.9067
18085	0.9907	0.9980
18087	0.9995	0.9997
18089	0.9988	0.9984
18091	0.9972	0.9974
18093	0.9046	0.8896
18095	0.9966	0.9964
18097	0.9999	0.9999
18099	1.0000	1.0000
18101	0.8003	0.8306
18103	0.9451	0.9600
18105	0.9381	0.9456
18107	0.9184	0.9124
18109	0.8961	0.9410
18111	0.9938	0.9930
18113	1.0000	1.0000
18115	0.8681	0.8870
18117	0.7422	0.7848
18119	0.3752	0.6486
18121	0.7399	0.6771
18123	0.6741	0.9917
18125	0.4572	0.5670
18127	0.9957	0.9955
18129	0.8024	0.8052
18131	0.9694	0.9724
18133	0.7730	0.8178
18135	0.9388	0.9418
18137	0.9624	0.7020
18139	0.7544	0.7747
18141	0.9964	0.9965
18143	0.9857	0.9894
18145	0.9436	0.9517
18147	0.8141	0.9241
18149	0.9985	0.9982
18151	1.0000	1.0000
18153	0.8922	0.9039
18155	0.7300	0.7576
18157	0.9972	0.9976
18159	0.9725	0.9730
18161	0.4667	0.5678
18163	0.9886	0.9946
18165	0.7788	0.7168
18167	0.9974	0.9976
18169	0.9250	0.9067
18171	0.9881	0.9859
18173	0.9117	0.9444
18175	0.6627	0.9396
18177	0.8194	0.9278
18179	0.9950	0.9946
18181	0.9960	0.9959
18183	0.9979	0.9993
19001	0.7947	0.8016
19003	0.7877	0.7958
19005	0.8410	0.8452
19007	0.8990	0.8934
19009	0.7843	0.8694
19011	0.7300	0.7283
19013	0.9861	0.9876
19015	0.9788	0.9786
19017	0.9569	0.9570
19019	0.9624	0.9657
19021	0.9289	0.9330
19023	0.7299	0.7296
19025	0.9820	0.9835
19027	0.9657	0.9682
19029	0.7369	0.9123
19031	0.9739	0.9786
19033	0.9657	0.9684
19035	0.9061	0.9062
19037	0.8227	0.8265
19039	0.9301	0.9410
19041	0.9953	0.9958
19043	0.9795	0.9801
19045	0.9465	0.9689
19047	0.9030	0.9015
19049	0.9829	0.9861
19051	0.9829	0.9704
19053	0.9927	0.9914
19055	0.9648	0.9669
19057	0.9631	0.9673
19059	0.9790	0.9798
19061	0.9755	0.9768
19063	0.9726	0.9727
19065	0.9705	0.9738
19067	0.8412	0.8445
19069	0.6420	0.6486
19071	0.8702	0.8729
19073	0.8836	0.8815
19075	0.9240	0.9272
19077	0.8403	0.8421
19079	0.9855	0.9859
19081	0.9238	0.9299
19083	0.9701	0.9711
19085	0.9005	0.9046
19087	0.9634	0.9660
19089	0.7772	0.8262
19091	0.9372	0.9391
19093	0.6632	0.6753
19095	0.9282	0.9272
19097	0.9631	0.9846
19099	0.9368	0.9499
19101	0.9427	0.9417
19103	0.9998	0.9999
19105	0.9522	0.9551
19107	0.8871	0.9003
19109	0.9427	0.9466
19111	0.8834	0.8798
19113	0.9998	0.9998
19115	0.9767	0.9762
19117	0.8490	0.8198
19119	0.8441	0.9258
19121	0.8213	0.8152
19123	0.8747	0.8829
19125	0.9430	0.9416
19127	0.9776	0.9789
19129	0.7675	0.8507
19131	0.7231	0.7806
19133	0.8659	0.8650
19135	0.8015	0.8009
19137	0.8447	0.9134
19139	0.9651	0.9646
19141	0.9213	0.9662
19143	0.9296	0.9275
19145	0.8995	0.9038
19147	0.9840	0.9830
19149	0.8790	0.8896
19151	0.9912	0.9921
19153	0.9982	0.9986
19155	0.8955	0.9396
19157	0.9371	0.9427
19159	0.6860	0.6370
19161	0.8743	0.8766
19163	0.9943	0.9950
19165	0.9827	0.9878
19167	0.9131	0.9480
19169	0.9991	0.9991
19171	0.9061	0.9041
19173	0.9151	0.9220
19175	0.9286	0.9311
19177	0.9461	0.9458
19179	0.9256	0.9321
19181	0.9127	0.9195
19183	0.9738	0.9768
19185	0.9495	0.9438
19187	0.9990	0.9990
19189	0.9976	0.9975
19191	0.9383	0.9405
19193	0.9737	0.9747
19195	0.9253	0.9227
19197	0.9715	0.9719
20001	0.8138	0.8178
20003	0.7732	0.7598
20005	0.9558	0.9555
20007	0.9460	0.9740
20009	0.9538	0.9723
20011	0.7166	0.7145
20013	0.8370	0.8731
20015	0.8347	0.8333
20017	0.5158	0.3292
20019	0.6362	0.6436
20021	0.7659	0.8701
20023	0.5283	0.5067
20025	0.9651	0.9791
20027	0.9587	0.9278
20029	0.9625	0.9226
20031	0.8008	0.7801
20033	0.9500	0.9336
20035	0.9654	0.9531
20037	0.8998	0.9474
20039	0.8166	0.9014
20041	0.9474	0.9470
20043	0.8261	0.8008
20045	0.9767	0.9759
20047	0.9346	0.9324
20049	0.8262	0.8382
20051	0.9979	0.9983
20053	0.7610	0.7783
20055	0.9488	0.9522
20057	0.8970	0.9935
20059	0.8256	0.8539
20061	0.9902	0.9937
20063	0.9486	0.9523
20065	0.4509	0.5631
20067	0.9876	0.9880
20069	0.9768	0.9861
20071	0.8824	0.8943
20073	0.6460	0.6784
20075	0.9948	0.9835
20077	0.9703	0.9653
20079	0.9569	0.9755
20081	0.9342	0.9426
20083	0.7690	0.9204
20085	0.8979	0.8978
20087	0.8672	0.8320
20089	0.9225	0.8897
20091	0.9982	0.9984
20093	0.9810	0.9885
20095	0.9221	0.9107
20097	0.9311	0.9184
20099	0.7867	0.7954
20101	0.9743	0.9902
20103	0.9037	0.9099
20105	0.9336	0.9381
20107	0.7165	0.7263
20109	0.8782	0.8800
20111	0.8159	0.8113
20113	0.8595	0.8929
20115	0.7160	0.7889
20117	0.8530	0.8639
20119	0.9519	0.9561
20121	0.8361	0.8805
20123	0.9616	0.9646
20125	0.9147	0.8749
20127	0.9806	0.9792
20129	0.9916	0.9947
20131	0.6397	0.6471
20133	0.7408	0.7358
20135	0.9837	0.9854
20137	0.8541	0.9345
20139	0.8705	0.8681
20141	0.9927	0.9963
20143	0.9628	0.9070
20145	0.8553	0.8053
20147	0.9355	0.9515
20149	0.9454	0.9403
20151	0.8951	0.9482
20153	0.5239	0.7149
20155	0.9708	0.9832
20157	0.7482	0.8033
20159	0.9090	0.9384
20161	0.9369	0.9410
20163	0.9633	0.9622
20165	0.9597	0.9535
20167	0.9901	0.9905
20169	0.9787	0.9814
20171	0.9094	0.9066
20173	0.9782	0.9913
20175	0.9948	0.9945
20177	0.9832	0.9808
20179	0.8358	0.9171
20181	0.8769	0.8628
20183	0.9726	0.9745
20185	0.7231	0.4596
20187	0.9861	0.9902
20189	0.9826	0.9785
20191	0.9975	0.9940
20193	0.8535	0.8630
20195	0.9780	0.9717
20197	0.8823	0.7916
20199	0.7716	0.7068
20201	0.6419	0.6518
20203	0.8346	0.7932
20205	0.7733	0.7801
20207	0.6620	0.6824
20209	0.9958	0.9952
21001	0.9723	0.9770
21003	0.1983	0.1993
21005	0.8608	0.9143
21007	0.5053	0.5507
21009	0.8686	0.9436
21011	0.9902	0.9941
21013	0.6824	0.5857
21015	0.9896	0.9996
21017	0.9966	0.9971
21019	0.9792	0.9955
21021	0.8852	0.8942
21023	0.8318	0.8595
21025	0.4719	0.3346
21027	0.7215	0.5724
21029	0.9915	0.9960
21031	0.5695	0.4283
21033	0.7098	0.6377
21035	0.9085	0.9330
21037	0.9927	0.9974
21039	0.7382	0.8289
21041	1.0000	1.0000
21043	0.9317	0.9593
21045	0.9369	0.9443
21047	0.8703	0.8655
21049	0.9979	0.9994
21051	0.8089	0.8054
21053	0.7990	0.8127
21055	0.5644	0.5529
21057	0.9719	0.9663
21059	0.9519	0.9384
21061	0.9008	0.8909
21063	0.9087	0.7650
21065	0.9321	0.9260
21067	0.9990	0.9994
21069	0.7741	0.7831
21071	0.9263	0.9129
21073	0.9555	0.9623
21075	0.9272	0.9446
21077	1.0000	0.9886
21079	0.9236	0.9434
21081	1.0000	0.9413
21083	0.8928	0.9439
21085	0.9148	0.9311
21087	0.9598	0.9640
21089	0.9544	0.9481
21091	0.6375	0.5823
21093	0.9884	0.9860
21095	0.7707	0.7968
21097	0.6079	0.7289
21099	0.7644	0.8382
21101	0.9481	0.9071
21103	0.9349	0.9497
21105	0.8321	0.8117
21107	0.8647	0.8402
21109	0.9810	0.9791
21111	0.9996	0.9999
21113	0.9852	0.9947
21115	0.9498	0.9540
21117	0.9970	0.9982
21119	0.5853	0.5885
21121	0.8489	0.8524
21123	0.9219	0.9381
21125	0.9853	0.9880
21127	0.9863	0.9912
21129	0.2857	0.2919
21131	0.5725	0.5663
21133	0.7234	0.7541
21135	0.8180	0.8196
21137	0.7983	0.7859
21139	0.8184	0.8065
21141	0.7889	0.8006
21143	0.7350	0.5325
21145	0.9690	0.9713
21147	0.5114	0.5149
21149	0.6290	0.6421
21151	0.9588	0.9570
21153	0.9958	0.9997
21155	0.9399	0.9411
21157	0.9160	0.9482
21159	0.5241	0.3339
21161	0.9022	0.9123
21163	0.9058	0.9070
21165	0.9440	0.9115
21167	0.8261	0.9157
21169	0.7202	0.8244
21171	0.8447	0.8432
21173	0.9988	0.9987
21175	0.9526	0.8069
21177	0.7937	0.7477
21179	0.8112	0.7969
21181	0.9671	0.9679
21183	0.5836	0.5664
21185	0.9846	0.9770
21187	0.9959	0.9817
21189	0.9353	0.9042
21191	0.8161	0.7871
21193	0.9240	0.9500
21195	0.8916	0.8559
21197	0.5214	0.3949
21199	0.9726	0.9745
21201	0.5210	0.5180
21203	0.8673	0.8896
21205	0.9918	0.9855
21207	0.9900	0.9906
21209	0.9539	0.9379
21211	0.9321	0.9421
21213	0.7655	0.7631
21215	0.8976	0.8764
21217	0.9604	0.9623
21219	0.5388	0.4637
21221	0.7240	0.6563
21223	0.8215	0.8350
21225	0.8445	0.8200
21227	0.9531	0.9720
21229	0.4578	0.4504
21231	0.8738	0.8660
21233	0.7198	0.6536
21235	0.8283	0.8373
21237	0.9235	0.9106
21239	0.9926	0.9946
22001	0.8366	0.8246
22003	0.7039	0.7022
22005	0.9878	0.9808
22007	0.9794	0.9830
22009	0.8404	0.7813
22011	0.4878	0.4269
22013	0.6249	0.5200
22015	0.9040	0.8823
22017	0.9497	0.9498
22019	0.9849	0.9792
22021	0.4597	0.2145
22023	0.6542	0.6438
22025	0.4734	0.3368
22027	0.4838	0.4200
22029	0.7765	0.5698
22031	0.6543	0.4654
22033	0.9870	0.9757
22035	0.6868	0.4232
22037	0.6245	0.6210
22039	0.8197	0.8123
22041	0.5943	0.3450
22043	0.6021	0.4920
22045	0.9551	0.9237
22047	0.8499	0.8361
22049	0.7041	0.3820
22051	0.9933	0.9946
22053	0.7883	0.8159
22055	0.9692	0.9562
22057	0.9960	0.9975
22059	0.5139	0.6051
22061	0.8740	0.8532
22063	0.9712	0.9661
22065	0.7423	0.6395
22067	0.8569	0.8407
22069	0.6192	0.6093
22071	0.9916	0.9919
22073	0.9436	0.9389
22075	0.8631	0.8073
22077	0.6862	0.5461
22079	0.8976	0.9026
22081	0.3930	0.1863
22083	0.6637	0.5382
22085	0.5524	0.5202
22087	0.9885	0.9937
22089	0.9836	0.9556
22091	0.4755	0.5281
22093	0.9682	0.9746
22095	0.9729	0.9835
22097	0.9459	0.9541
22099	0.9001	0.8886
22101	0.9302	0.9001
22103	0.9936	0.9972
22105	0.9133	0.9173
22107	0.5263	0.4001
22109	0.9908	0.9996
22111	0.5029	0.3211
22113	0.8875	0.8235
22115	0.7224	0.6710
22117	0.6580	0.5524
22119	0.7953	0.8099
22121	0.9135	0.8606
22123	0.6273	0.3097
22125	0.5998	0.5652
22127	0.4706	0.4222
23001	0.9931	0.9932
23003	0.8252	0.8166
23005	0.9911	0.9904
23007	0.8700	0.8419
23009	0.9351	0.9369
23011	0.9903	0.9891
23013	0.9766	0.9786
23015	0.9727	0.9774
23017	0.9240	0.9256
23019	0.9479	0.9240
23021	0.7872	0.7829
23023	0.9825	0.9828
23025	0.8924	0.8652
23027	0.9726	0.9706
23029	0.8629	0.8329
23031	0.9891	0.9887
24001	0.8672	0.8853
24003	0.9962	0.9967
24005	0.9950	0.9975
24009	0.9189	0.6905
24011	0.7516	0.7795
24013	0.9512	0.9677
24015	0.9318	0.9292
24017	0.9200	0.8833
24019	0.8527	0.8496
24021	0.9358	0.9578
24023	0.7002	0.7295
24025	0.9862	0.9943
24027	0.9974	0.9976
24029	0.7123	0.7195
24031	0.9984	0.9985
24033	0.9926	0.9939
24035	0.8762	0.8824
24037	0.9838	0.9870
24039	0.7731	0.7825
24041	0.8672	0.9333
24043	0.9469	0.9880
24045	0.9289	0.9409
24047	0.9479	0.9612
24510	1.0000	1.0000
25001	0.9607	0.9878
25003	0.9246	0.9161
25005	0.9988	0.9991
25007	0.8857	0.9724
25009	0.9957	0.9983
25011	0.8604	0.8715
25013	0.9953	0.9947
25015	0.9853	0.9839
25017	0.9995	0.9996
25019	0.9585	0.9812
25021	0.9996	0.9997
25023	0.9753	0.9914
25025	0.9999	0.9999
25027	0.9940	0.9960
26001	0.7778	0.8095
26003	0.8448	0.8124
26005	0.9508	0.9708
26007	0.9341	0.9422
26009	0.9717	0.9749
26011	0.8227	0.9371
26013	0.8860	0.8796
26015	0.8968	0.9135
26017	0.9947	0.9959
26019	0.9620	0.9750
26021	0.9911	0.9924
26023	0.9647	0.9795
26025	0.9346	0.9464
26027	0.9808	0.9816
26029	0.9533	0.9743
26031	0.7024	0.7718
26033	0.7684	0.8120
26035	0.7544	0.8342
26037	0.8659	0.9002
26039	0.7890	0.7961
26041	0.8085	0.8461
26043	0.8753	0.8820
26045	0.9190	0.9328
26047	0.9162	0.9335
26049	0.9989	0.9994
26051	0.5474	0.6044
26053	0.7128	0.7243
26055	0.9951	0.9971
26057	0.9559	0.9561
26059	0.9199	0.9319
26061	0.8686	0.8675
26063	0.9862	0.9880
26065	0.9759	0.9854
26067	0.8196	0.9080
26069	0.8894	0.9064
26071	0.7814	0.7829
26073	0.9641	0.9680
26075	0.9486	0.9500
26077	0.9913	0.9931
26079	0.8265	0.8211
26081	0.9884	0.9973
26083	0.3568	0.3269
26085	0.5259	0.7055
26087	0.9602	0.9788
26089	0.9818	0.9866
26091	0.9583	0.9613
26093	0.9629	0.9850
26095	0.3688	0.3421
26097	0.5012	0.5700
26099	0.9972	0.9985
26101	0.9553	0.9635
26103	0.8355	0.8419
26105	0.7457	0.7556
26107	0.8508	0.9474
26109	0.5937	0.6044
26111	0.9923	0.9928
26113	0.6443	0.7604
26115	0.9695	0.9789
26117	0.8773	0.9507
26119	0.4780	0.5775
26121	0.9635	0.9767
26123	0.6262	0.7689
26125	0.9987	0.9995
26127	0.6717	0.7290
26129	0.6130	0.6859
26131	0.8590	0.8516
26133	0.5001	0.9969
26135	0.2825	0.4251
26137	0.8336	0.8854
26139	0.9920	0.9959
26141	0.6238	0.7792
26143	0.9466	0.9491
26145	0.9970	0.9983
26147	0.9338	0.9727
26149	0.9513	0.9571
26151	0.8567	0.9330
26153	0.6104	0.6980
26155	0.9527	0.9630
26157	0.9795	0.9810
26159	0.9333	0.9697
26161	0.9638	0.9773
26163	0.9989	0.9996
26165	0.8302	0.8517
27001	0.5498	0.5665
27003	0.9970	0.9991
27005	0.9192	0.9147
27007	0.9842	0.9820
27009	0.9542	0.9657
27011	0.7168	0.6365
27013	0.9735	0.9758
27015	0.9580	0.9799
27017	0.6550	0.6728
27019	0.9970	0.9995
27021	0.9432	0.9173
27023	0.9878	0.9928
27025	0.8759	0.9934
27027	0.9551	0.9642
27029	0.5660	0.5431
27031	0.3431	0.3151
27033	0.9331	0.9388
27035	0.9696	0.9728
27037	0.9986	0.9991
27039	0.9226	0.9682
27041	0.9765	0.9834
27043	0.9673	0.9643
27045	0.7798	0.7224
27047	0.9157	0.9467
27049	0.9162	0.9259
27051	0.9931	0.9971
27053	0.9996	1.0000
27055	0.9450	0.9509
27057	0.7804	0.7804
27059	0.7248	0.9878
27061	0.6931	0.7818
27063	0.8769	0.8745
27065	0.3658	0.8172
27067	0.9858	0.9881
27069	0.9470	0.9510
27071	0.7718	0.7755
27073	0.9806	0.9950
27075	0.7228	0.7240
27077	0.8698	0.8661
27079	0.9428	0.9461
27081	0.9184	0.9230
27083	0.9545	0.9717
27085	0.9986	0.9998
27087	0.6048	0.6193
27089	0.8494	0.8514
27091	0.9850	0.9899
27093	0.9168	0.9846
27095	0.9187	0.9378
27097	0.8935	0.9263
27099	0.8421	0.8833
27101	0.8945	0.8970
27103	0.9712	0.9722
27105	0.8984	0.8974
27107	0.7588	0.9372
27109	0.9744	0.9782
27111	0.9141	0.9280
27113	0.8998	0.8897
27115	0.5566	0.8235
27117	0.7011	0.6996
27119	0.7817	0.8052
27121	0.9506	0.9565
27123	0.9999	1.0000
27125	0.9928	0.9927
27127	0.9579	0.9859
27129	0.8995	0.9645
27131	0.9379	0.9486
27133	0.7355	0.7418
27135	0.8073	0.8297
27137	0.7982	0.8257
27139	0.9996	0.9997
27141	0.9800	0.9979
27143	0.8867	0.9010
27145	0.9668	0.9782
27147	0.8737	0.9788
27149	0.9986	0.9996
27151	0.9660	0.9746
27153	0.8214	0.8320
27155	0.8012	0.8142
27157	0.8371	0.8249
27159	0.9067	0.9099
27161	0.8937	0.9650
27163	0.9943	0.9976
27165	0.9790	0.9791
27167	0.8103	0.7816
27169	0.9362	0.9403
27171	0.9912	0.9938
27173	0.9621	0.9902
28001	0.9968	0.9168
28003	0.8889	0.9999
28005	0.9276	0.4007
28007	0.9936	0.5582
28009	0.9636	0.7414
28011	0.9983	0.8642
28013	0.9396	0.9708
28015	0.9916	0.3335
28017	0.8719	0.7165
28019	0.9140	0.6205
28021	0.9628	0.6177
28023	0.9956	0.5755
28025	0.9986	0.5938
28027	0.9992	0.8472
28029	0.9703	0.7007
28031	0.9978	0.5772
28033	0.9935	0.9763
28035	0.9993	0.9094
28037	0.9543	0.8328
28039	0.9943	0.9718
28041	0.9532	0.9002
28043	0.9977	0.8338
28045	0.9999	0.8910
28047	1.0000	0.9841
28049	0.9997	0.9793
28051	0.9966	0.7540
28053	0.9487	0.7039
28055	0.6922	0.4888
28057	0.9732	0.9197
28059	0.9990	0.9705
28061	0.9351	0.9141
28063	0.9927	0.3743
28065	0.6499	0.6240
28067	0.9978	0.8726
28069	0.9925	0.3144
28071	0.9980	0.8444
28073	0.9983	0.8724
28075	0.9991	0.9358
28077	0.9959	0.5336
28079	0.9984	0.5513
28081	0.9917	0.9298
28083	0.9995	0.8823
28085	0.9984	0.6998
28087	0.9996	0.9375
28089	0.9978	0.9357
28091	0.9961	0.3988
28093	0.9348	0.8267
28095	0.9788	0.6969
28097	0.9961	0.7692
28099	0.9973	0.5698
28101	0.9971	0.7059
28103	0.9934	0.6349
28105	0.9993	0.8918
28107	0.9978	0.7062
28109	0.9914	0.8443
28111	0.9701	0.6955
28113	0.9645	0.7882
28115	0.9815	0.6541
28117	0.9737	1.0000
28119	0.9980	0.6164
28121	0.9970	0.9792
28123	0.9940	0.6726
28125	0.9655	0.6301
28127	0.9842	0.5449
28129	0.9698	0.6050
28131	0.9945	0.6324
28133	0.9987	0.8862
28135	0.9965	0.5114
28137	0.9934	0.6547
28139	0.9983	0.9866
28141	0.9236	0.9955
28143	0.9995	0.7221
28145	0.9934	0.8595
28147	0.9753	0.3936
28149	0.9989	0.8816
28151	0.9949	0.8997
28153	0.9948	0.4813
28155	0.9802	0.5832
28157	0.9858	0.5222
28159	0.8683	0.4139
28161	0.9247	0.5938
28163	0.9876	0.6978
29001	0.9988	0.9994
29003	0.8462	0.9344
29005	0.8787	0.8686
29007	0.9235	0.9435
29009	0.9626	0.9692
29011	0.7486	0.7393
29013	0.5822	0.7227
29015	0.4988	0.6144
29017	0.1301	0.0815
29019	0.9875	0.9924
29021	0.9899	0.9980
29023	0.9194	0.8809
29025	0.8594	0.8565
29027	1.0000	1.0000
29029	0.7994	0.8690
29031	0.8489	0.8326
29033	0.7964	0.7315
29035	0.5632	0.5218
29037	0.9541	0.9534
29039	0.8082	0.8125
29041	0.5477	0.7754
29043	0.9940	0.9950
29045	0.6282	0.6011
29047	1.0000	1.0000
29049	1.0000	1.0000
29051	0.9996	0.9997
29053	0.9845	0.9892
29055	0.8894	0.8941
29057	0.5823	0.6682
29059	0.7000	0.8402
29061	0.9539	0.9513
29063	0.8217	0.8471
29065	0.7098	0.6732
29067	0.7812	0.8227
29069	0.9187	0.8976
29071	0.9535	0.9455
29073	0.9661	0.9440
29075	0.9135	0.8978
29077	1.0000	1.0000
29079	0.9763	0.9725
29081	0.9869	0.9920
29083	0.7801	0.8021
29085	0.3053	0.3473
29087	0.9818	0.9853
29089	0.7094	0.7129
29091	0.7330	0.8300
29093	0.6882	0.7457
29095	0.9945	0.9937
29097	0.9524	0.9500
29099	0.9787	0.9861
29101	0.9149	0.9113
29103	0.9845	0.9927
29105	0.7907	0.9652
29107	0.8690	0.8721
29109	0.9927	0.9969
29111	0.9575	0.9620
29113	0.9309	0.9111
29115	0.9096	0.9023
29117	0.8792	0.8431
29119	0.8556	0.8951
29121	0.8019	0.8025
29123	0.5693	0.5643
29125	0.9441	0.9463
29127	0.9346	0.9382
29129	0.9821	0.9836
29131	0.9372	0.9242
29133	0.8962	0.8864
29135	0.9256	0.9283
29137	0.6286	0.7776
29139	0.9900	0.9877
29141	0.7327	0.7760
29143	0.8607	0.8202
29145	0.8422	0.8331
29147	0.8603	0.8643
29149	0.4297	0.4592
29151	1.0000	0.9998
29153	0.1776	0.2512
29155	0.8321	0.8178
29157	0.6164	0.5946
29159	0.9939	0.9962
29161	0.8768	0.8877
29163	0.7053	0.5926
29165	0.9984	0.9995
29167	0.9767	0.9752
29169	0.8741	0.9365
29171	0.3572	0.9904
29173	0.9406	0.9386
29175	0.7798	0.9637
29177	0.8138	0.7841
29179	0.6352	0.6443
29181	0.4022	0.4051
29183	1.0000	1.0000
29185	0.4138	0.4511
29186	0.4776	0.5275
29187	0.8144	0.8755
29189	1.0000	1.0000
29195	0.8642	0.8964
29197	0.9814	0.9825
29199	0.9969	0.9987
29201	0.8866	0.8842
29203	0.4905	0.5044
29205	0.9743	0.9781
29207	0.8137	0.7675
29209	0.9993	1.0000
29211	0.9525	0.9610
29213	0.9704	0.9833
29215	0.6719	0.7436
29217	0.5333	0.4905
29219	0.8921	0.9039
29221	0.5279	0.6549
29223	0.6312	0.4281
29225	0.9792	1.0000
29227	0.8847	0.8943
29229	0.8914	0.9103
29510	1.0000	1.0000
30001	0.5479	0.5725
30003	0.3993	0.3737
30005	0.8151	0.8383
30007	0.3918	0.3814
30009	0.4497	0.4579
30011	0.4403	0.4456
30013	0.9239	0.9352
30015	0.6904	0.7008
30017	0.9073	0.8640
30019	0.0541	0.8002
30021	0.7247	0.7920
30023	0.7265	0.8180
30025	0.6713	0.6682
30027	0.7522	0.7172
30029	0.9099	0.8895
30031	0.9100	0.9128
30033	0.2697	0.2648
30035	0.8282	0.8276
30037	0.5553	0.6211
30039	0.4630	0.4894
30041	0.8990	0.9114
30043	0.4782	0.6127
30045	0.5228	0.5333
30047	0.8982	0.9124
30049	0.7862	0.8275
30051	0.8517	0.9074
30053	0.8939	0.9003
30055	0.4127	0.4708
30057	0.6314	0.6658
30059	0.5035	0.5465
30061	0.6920	0.6942
30063	0.8477	0.9333
30065	0.0000	0.2822
30067	0.8682	0.8652
30069	0.4720	0.0228
30071	0.6908	0.7138
30073	0.7237	0.7556
30075	0.4793	0.4396
30077	0.6620	0.6722
30079	0.0059	0.1220
30081	0.4703	0.6404
30083	0.7527	0.8017
30085	0.6876	0.7373
30087	0.8099	0.8375
30089	0.7109	0.7429
30091	0.5843	0.7171
30093	0.8874	0.9024
30095	0.3609	0.4392
30097	0.8066	0.8065
30099	0.7506	0.7857
30101	0.8086	0.8184
30103	0.7069	0.6781
30105	0.6238	0.7298
30107	0.6002	0.6301
30109	0.0000	0.5288
30111	0.8739	0.9550
31001	0.9992	0.9996
31003	0.9553	0.9593
31005	0.8360	0.8598
31007	0.8582	0.8556
31009	0.9202	0.9178
31011	0.7920	0.8632
31013	0.9866	0.9746
31015	0.9724	0.9808
31017	0.8563	0.8571
31019	0.9809	0.9875
31021	0.9909	1.0000
31023	0.8770	0.9812
31025	0.9860	1.0000
31027	0.8745	0.8848
31029	0.9512	0.9362
31031	0.6024	0.6616
31033	0.9565	0.9522
31035	0.9791	0.9822
31037	0.8423	0.9213
31039	0.9936	0.9987
31041	0.7366	0.7910
31043	0.9911	0.9884
31045	0.8344	0.8191
31047	0.9896	0.9931
31049	0.9961	0.9966
31051	0.9618	0.9520
31053	0.9853	0.9999
31055	0.9960	0.9995
31057	0.9768	0.9853
31059	0.8515	0.9507
31061	0.9218	0.9463
31063	0.9038	0.8999
31065	0.9994	0.9949
31067	0.9242	0.9557
31069	0.9104	0.9116
31071	0.8816	0.9026
31073	0.9941	0.9952
31075	0.7649	0.7513
31077	0.5395	0.7486
31079	0.9795	0.9874
31081	0.9990	0.9984
31083	0.9972	0.9983
31085	0.5275	0.5727
31087	0.4503	0.7156
31089	0.9493	0.9283
31091	0.7517	0.7652
31093	0.8222	0.8601
31095	0.9072	0.8803
31097	0.9508	0.9495
31099	0.9937	0.9972
31101	0.9973	0.9992
31103	0.9741	0.9618
31105	0.9830	0.9793
31107	0.6671	0.7104
31109	0.9995	1.0000
31111	0.9777	0.9800
31113	0.3916	0.4060
31115	0.7260	0.8418
31117	0.3881	0.3459
31119	0.9974	0.9986
31121	0.9849	0.9989
31123	0.9062	0.8826
31125	0.8328	0.8470
31127	0.9030	0.9071
31129	0.9897	0.9903
31131	0.9837	0.9974
31133	0.6010	0.5993
31135	0.9695	0.9657
31137	1.0000	1.0000
31139	0.9991	0.9981
31141	0.9794	0.9893
31143	0.9234	0.9673
31145	0.9537	0.9466
31147	0.9300	0.9296
31149	0.9829	0.9820
31151	0.9255	0.9352
31153	0.9962	0.9977
31155	0.9981	1.0000
31157	0.9950	0.9954
31159	0.9469	0.9910
31161	0.6512	0.5835
31163	0.6694	0.7079
31165	0.7480	0.7416
31167	0.9417	0.9669
31169	0.9238	0.9163
31171	0.7835	0.7468
31173	0.9990	1.0000
31175	0.8507	0.8188
31177	0.9809	0.9997
31179	1.0000	1.0000
31181	0.8596	0.9085
31183	0.7840	0.8377
31185	0.9240	0.9394
32001	0.9834	0.9837
32003	0.9960	0.9947
32005	0.9290	0.9421
32007	0.9188	0.9190
32009	0.4662	0.4918
32011	0.3213	0.2880
32013	0.5600	0.7332
32015	0.5379	0.7663
32017	0.9501	0.9556
32019	0.7684	0.8567
32021	0.8214	0.7996
32023	0.8888	0.9126
32027	0.5672	0.4654
32029	0.6602	0.6652
32031	0.9887	0.9869
32033	0.6299	0.6438
32510	0.9973	0.9998
33001	0.9851	0.9834
33003	0.9438	0.9532
33005	0.9191	0.9177
33007	0.6343	0.5954
33009	0.9108	0.9125
33011	0.9923	0.9912
33013	0.9625	0.9403
33015	0.9882	0.9885
33017	0.9863	0.9875
33019	0.8992	0.8937
34001	0.9816	0.9836
34003	0.9999	1.0000
34005	0.9797	0.9840
34007	0.9976	0.9979
34009	0.9811	0.9815
34011	0.9374	0.9539
34013	1.0000	1.0000
34015	0.9859	0.9906
34017	1.0000	1.0000
34019	0.9920	0.9946
34021	0.9963	0.9962
34023	0.9979	0.9981
34025	0.9935	0.9953
34027	0.9989	0.9992
34029	0.9878	0.9881
34031	0.9997	1.0000
34033	0.9531	0.9725
34035	0.9992	0.9998
34037	0.9963	0.9974
34039	0.9998	0.9998
34041	0.9902	0.9906
35001	0.9798	0.9931
35003	0.5131	0.5453
35005	0.9618	0.9654
35006	0.3038	0.2910
35007	0.4291	0.4187
35009	0.9578	0.9582
35011	0.8789	0.9167
35013	0.9124	0.9286
35015	0.9543	0.9582
35017	0.7183	0.8773
35019	0.8876	0.8831
35021	0.6367	0.6157
35023	0.7649	0.8885
35025	0.9964	0.9964
35027	0.8803	0.8787
35028	0.9764	0.9802
35029	0.6088	0.8924
35031	0.3818	0.3682
35033	0.0003	0.0000
35035	0.8453	0.8459
35037	0.7215	0.7424
35039	0.6398	0.6321
35041	0.8499	0.8559
35043	0.8878	0.9146
35045	0.6974	0.6947
35047	0.6458	0.6008
35049	0.9258	0.9536
35051	0.7736	0.8874
35053	0.5650	0.8591
35055	0.3094	0.6319
35057	0.4726	0.8525
35059	0.6605	0.5149
35061	0.8775	0.9781
36001	0.9857	0.9873
36003	0.8023	0.8013
36005	1.0000	0.9999
36007	0.9898	0.9877
36009	0.7759	0.7584
36011	0.8981	0.9044
36013	0.9571	0.9588
36015	0.9560	0.9584
36017	0.9720	0.9692
36019	0.9231	0.9199
36021	0.9591	0.9591
36023	0.9643	0.9648
36025	0.7441	0.7297
36027	0.9961	0.9938
36029	0.9910	0.9924
36031	0.8799	0.8679
36033	0.7464	0.7318
36035	0.9724	0.9704
36037	0.9700	0.9706
36039	0.9327	0.9407
36041	0.7270	0.7183
36043	0.8862	0.8806
36045	0.8940	0.8943
36047	1.0000	1.0000
36049	0.7890	0.7611
36051	0.9800	0.9813
36053	0.9858	0.9829
36055	0.9997	0.9996
36057	0.9670	0.9737
36059	1.0000	0.9999
36061	1.0000	1.0000
36063	0.9903	0.9900
36065	0.9812	0.9789
36067	0.9968	0.9962
36069	0.9866	0.9896
36071	0.9988	0.9985
36073	0.9795	0.9749
36075	0.9604	0.9542
36077	0.8396	0.8353
36079	0.9962	0.9953
36081	0.9997	0.9998
36083	0.9736	0.9706
36085	1.0000	1.0000
36087	0.9999	0.9998
36089	0.8036	0.8038
36091	0.9948	0.9934
36093	0.9964	0.9969
36095	0.7692	0.7648
36097	0.8526	0.8657
36099	0.8840	0.9227
36101	0.8644	0.8683
36103	0.9959	0.9955
36105	0.9453	0.9411
36107	0.9590	0.9557
36109	0.9684	0.9825
36111	0.9741	0.9751
36113	0.9746	0.9645
36115	0.8525	0.8385
36117	0.9474	0.9491
36119	0.9999	0.9998
36121	0.9086	0.9077
36123	0.8569	0.8701
37001	0.9912	0.9791
37003	0.9457	0.9565
37005	0.2560	0.2747
37007	0.8903	0.9245
37009	0.7088	0.7069
37011	0.9533	0.9565
37013	0.8593	0.8524
37015	0.8998	0.9290
37017	0.9168	0.7448
37019	0.9755	0.9708
37021	0.9949	0.9960
37023	0.9802	0.9772
37025	0.9990	0.9986
37027	0.9781	0.9747
37029	0.9370	0.9315
37031	0.9997	0.9999
37033	0.8097	0.7680
37035	0.9984	0.9989
37037	0.9396	0.9549
37039	0.0247	0.0038
37041	0.9369	0.9505
37043	0.0001	0.0001
37045	0.9675	0.9607
37047	0.9296	0.9214
37049	0.9836	0.9823
37051	0.9983	0.9983
37053	0.9497	0.9579
37055	0.9990	0.9974
37057	0.9925	0.9922
37059	1.0000	0.9986
37061	0.9582	0.9472
37063	0.9932	0.9949
37065	0.9715	0.9781
37067	0.9999	1.0000
37069	0.9526	0.9602
37071	0.9966	0.9984
37073	0.9155	0.9441
37075	0.0022	0.1321
37077	0.9269	0.9248
37079	0.9391	0.9505
37081	0.9992	0.9985
37083	0.9124	0.9121
37085	0.9899	0.9929
37087	0.9730	0.9508
37089	0.9701	0.9548
37091	0.9221	0.9449
37093	0.9968	0.9978
37095	0.7164	0.7044
37097	0.9954	0.9634
37099	0.3765	0.3611
37101	0.9824	0.9885
37103	0.9203	0.9244
37105	0.9894	0.9901
37107	0.9629	0.9655
37109	0.9984	0.9978
37111	0.8242	0.8327
37113	0.5118	0.5063
37115	0.6360	0.6714
37117	0.9106	0.8880
37119	1.0000	1.0000
37121	0.8428	0.8640
37123	0.8630	0.8629
37125	0.9403	0.9524
37127	0.9866	0.9900
37129	0.9999	0.9994
37131	0.8766	0.8726
37133	0.9973	0.9988
37135	0.9962	0.9978
37137	0.9748	0.9741
37139	0.9951	0.9972
37141	0.8753	0.8596
37143	0.8816	0.9014
37145	0.9728	0.9770
37147	0.9795	0.9834
37149	0.8887	0.8634
37151	0.9120	0.9201
37153	0.9981	0.9945
37155	0.9519	0.9213
37157	0.9825	0.9732
37159	0.9939	0.9918
37161	0.8553	0.6947
37163	0.9783	0.7537
37165	0.9999	0.9986
37167	0.9979	0.9976
37169	0.9808	0.9791
37171	0.9928	0.9987
37173	0.2286	0.2374
37175	0.9187	0.1703
37177	0.8807	0.9074
37179	0.9793	0.9831
37181	0.9882	0.9855
37183	0.9992	0.9994
37185	0.9221	0.9255
37187	0.9259	0.9428
37189	0.9565	0.9682
37191	0.9910	0.9837
37193	0.9923	0.9908
37195	0.9974	0.9976
37197	1.0000	0.9560
37199	0.7287	0.8098
38001	0.8958	0.9087
38003	0.7965	0.9854
38005	0.4090	0.9320
38007	0.4496	0.4398
38009	0.9114	0.9461
38011	0.9329	0.8976
38013	0.7103	0.9542
38015	0.9612	0.9680
38017	0.9600	0.9839
38019	0.9921	0.9896
38021	0.9524	0.9486
38023	0.7184	0.8057
38025	0.6447	0.7804
38027	0.7562	0.9594
38029	0.8401	0.9298
38031	0.9358	0.9609
38033	0.6466	0.6477
38035	1.0000	1.0000
38037	0.4985	0.5309
38039	0.9996	1.0000
38041	0.8791	0.8598
38043	0.8631	0.9542
38045	0.9619	0.9679
38047	0.8664	0.9571
38049	0.6497	0.7885
38051	0.9268	0.9401
38053	0.5940	0.7850
38055	0.7557	0.8927
38057	0.9605	0.9661
38059	0.9090	0.8649
38061	0.6510	0.8890
38063	0.9218	0.9956
38065	0.8784	0.8540
38067	0.9997	0.9999
38069	0.8709	0.9644
38071	0.9156	0.9886
38073	0.9216	0.9656
38075	0.5678	0.6927
38077	0.9072	0.9276
38079	1.0000	1.0000
38081	0.9439	0.9473
38083	0.5496	0.6519
38085	0.9241	0.9145
38087	0.8102	0.8202
38089	0.9598	0.9566
38091	1.0000	1.0000
38093	0.9406	0.9474
38095	0.9993	0.9996
38097	0.9238	0.9810
38099	1.0000	0.9999
38101	0.9139	0.9761
38103	0.7725	0.9800
38105	0.7972	0.8283
39001	0.6806	0.7792
39003	0.9948	0.9960
39005	0.9640	0.9790
39007	0.8584	0.8634
39009	0.8926	0.9648
39011	0.9865	0.9842
39013	0.8666	0.8947
39015	0.9013	0.9287
39017	0.9986	0.9986
39019	0.8273	0.8259
39021	0.9944	0.9939
39023	0.9980	0.9978
39025	0.9981	0.9982
39027	0.9740	0.9649
39029	0.9554	0.9486
39031	0.7800	0.7575
39033	0.9863	0.9919
39035	1.0000	0.9999
39037	0.9684	0.9705
39039	0.9875	0.9967
39041	0.9936	0.9970
39043	0.9905	0.9974
39045	0.9767	0.9954
39047	0.9931	0.9944
39049	0.9995	0.9998
39051	0.9827	0.9899
39053	0.7109	0.6952
39055	0.9839	0.9851
39057	0.9928	0.9939
39059	0.8364	0.9093
39061	1.0000	1.0000
39063	0.9877	0.9903
39065	0.9043	0.8996
39067	0.8626	0.8679
39069	0.9910	0.9930
39071	0.8655	0.8615
39073	0.7190	0.9000
39075	0.7670	0.7973
39077	0.9603	0.9760
39079	0.8192	0.9498
39081	0.9713	0.9788
39083	0.9363	0.9432
39085	0.9984	0.9988
39087	0.8968	0.8917
39089	0.9896	0.9922
39091	0.9667	0.9766
39093	0.9955	0.9972
39095	0.9999	1.0000
39097	0.9537	0.9761
39099	0.9968	0.9967
39101	0.9825	0.9882
39103	0.9948	0.9984
39105	0.7087	0.8436
39107	0.9910	0.9917
39109	0.9960	0.9975
39111	0.4775	0.4944
39113	0.9997	0.9994
39115	0.7675	0.8112
39117	0.9662	0.9731
39119	0.9342	0.9307
39121	0.6339	0.6186
39123	0.9620	0.9938
39125	0.9776	0.9758
39127	0.7932	0.8137
39129	0.9772	0.9991
39131	0.8444	0.9137
39133	0.9914	0.9909
39135	0.9768	0.9866
39137	0.9977	0.9996
39139	0.9826	0.9873
39141	0.9876	0.9907
39143	0.9761	0.9904
39145	0.9275	0.9703
39147	0.9837	0.9867
39149	0.9813	0.9863
39151	0.9940	0.9932
39153	0.9998	0.9997
39155	0.9913	0.9900
39157	0.8807	0.9164
39159	0.9519	0.9723
39161	0.9727	0.9772
39163	0.5954	0.8016
39165	0.9981	0.9965
39167	0.8506	0.8647
39169	0.9657	0.9649
39171	0.9773	0.9966
39173	0.9919	0.9966
39175	0.9387	0.9465
40001	0.2600	0.2748
40003	0.9057	0.9375
40005	0.3348	0.3409
40007	0.7199	0.8815
40009	0.9371	0.9643
40011	0.9737	0.9656
40013	0.7313	0.7405
40015	0.9746	0.9809
40017	0.9998	0.9999
40019	1.0000	1.0000
40021	0.4324	0.3280
40023	0.8576	0.8638
40025	0.7294	0.8916
40027	0.9997	0.9998
40029	0.4468	0.4530
40031	0.9996	0.9995
40033	0.9801	0.9821
40035	0.6287	0.8144
40037	0.6575	0.8172
40039	0.9508	0.9746
40041	0.7685	0.8927
40043	0.9887	0.9897
40045	0.9860	0.9832
40047	0.9470	0.9229
40049	0.9102	0.9159
40051	0.9998	0.9998
40053	1.0000	1.0000
40055	1.0000	1.0000
40057	1.0000	1.0000
40059	0.9529	0.9476
40061	0.8304	0.8733
40063	0.5941	0.6354
40065	0.9992	0.9992
40067	0.7403	0.9865
40069	0.6930	0.6547
40071	0.9980	0.9976
40073	0.9990	0.9994
40075	0.9728	0.9840
40077	0.2682	0.2233
40079	0.7404	0.7057
40081	0.9366	0.9639
40083	0.9578	0.9987
40085	1.0000	1.0000
40087	0.9865	0.9870
40089	0.7977	0.7947
40091	0.3753	0.3681
40093	0.9354	0.9086
40095	0.6325	0.6312
40097	0.7285	0.8168
40099	1.0000	1.0000
40101	0.8738	0.8565
40103	0.6630	0.8912
40105	0.4509	0.4501
40107	0.5520	0.5160
40109	1.0000	1.0000
40111	0.7958	0.7795
40113	0.6764	0.7209
40115	0.8766	0.8975
40117	0.3441	0.9135
40119	0.8497	0.9953
40121	0.7603	0.7542
40123	0.8026	0.7982
40125	0.9249	0.9334
40127	0.6092	0.6065
40129	0.8734	0.9199
40131	0.7280	0.7320
40133	0.8267	0.8918
40135	0.5889	0.5420
40137	0.9730	0.9689
40139	0.8929	0.9724
40141	0.9995	0.9980
40143	0.9884	0.9918
40145	0.8991	0.8820
40147	0.8534	0.8503
40149	0.9551	0.9819
40151	0.9327	0.9707
40153	0.9948	0.9943
41001	0.7816	0.7883
41003	0.9980	0.9982
41005	0.9972	0.9946
41007	0.9583	0.9593
41009	0.9013	0.9253
41011	0.9209	0.9214
41013	0.8876	0.8722
41015	0.9606	0.9606
41017	0.9943	0.9943
41019	0.8678	0.8915
41021	0.8198	0.8510
41023	0.6622	0.6552
41025	0.7030	0.7004
41027	0.9879	0.9882
41029	0.9755	0.9800
41031	0.9395	0.9444
41033	0.8390	0.8780
41035	0.8287	0.7990
41037	0.4260	0.4233
41039	0.9790	0.9828
41041	0.9877	0.9891
41043	0.9961	0.9954
41045	0.7663	0.8946
41047	0.9956	0.9956
41049	0.8662	0.8615
41051	1.0000	1.0000
41053	0.9893	0.9894
41055	0.9357	0.9268
41057	0.9813	0.9840
41059	0.9377	0.9322
41061	0.9255	0.9648
41063	0.7898	0.8771
41065	0.9337	0.9184
41067	1.0000	1.0000
41069	0.4502	0.5521
41071	0.9936	0.9968
42001	0.9888	0.9949
42003	0.9983	0.9982
42005	0.7981	0.7988
42007	0.9905	0.9915
42009	0.9781	0.9787
42011	0.9873	0.9952
42013	0.9863	0.9711
42015	0.9921	0.9580
42017	0.9998	0.9999
42019	0.9981	0.9987
42021	0.9944	0.9937
42023	0.9658	0.9731
42025	0.9943	0.9948
42027	0.9857	0.9334
42029	0.9994	0.9997
42031	0.9355	0.9373
42033	0.9141	0.9205
42035	0.8488	0.8411
42037	0.9916	0.9909
42039	0.9181	0.9321
42041	0.9986	0.9988
42043	0.9969	0.9979
42045	1.0000	1.0000
42047	0.9946	0.9978
42049	0.9675	0.9767
42051	0.9634	0.9646
42053	0.5289	0.5335
42055	0.9808	0.9930
42057	0.9475	0.9887
42059	0.8843	0.8774
42061	0.9001	0.8022
42063	0.8997	0.9157
42065	0.9294	0.9239
42067	0.9647	0.9960
42069	0.9835	0.9901
42071	0.9959	0.9986
42073	0.9881	0.9899
42075	0.9629	0.9695
42077	0.9998	0.9999
42079	0.9934	0.9935
42081	0.9419	0.9361
42083	0.9952	0.9969
42085	0.9454	0.9519
42087	0.9807	0.9966
42089	0.9769	0.9954
42091	0.9998	0.9999
42093	0.9805	0.9825
42095	0.9999	1.0000
42097	0.9826	0.9876
42099	0.9823	0.9976
42101	1.0000	1.0000
42103	0.9964	0.9973
42105	0.9862	0.9932
42107	0.9682	0.9755
42109	0.9029	0.9818
42111	0.8833	0.8838
42113	0.9863	0.9946
42115	0.9897	0.9921
42117	0.9640	0.9393
42119	0.9829	0.9725
42121	0.9078	0.9236
42123	0.8562	0.8250
42125	0.9658	0.9680
42127	0.9765	0.9732
42129	0.9787	0.9763
42131	0.9984	1.0000
42133	0.9784	0.9777
44001	1.0000	1.0000
44003	0.9987	0.9983
44005	0.9948	0.9942
44007	0.9989	0.9986
44009	0.9858	0.9832
45001	0.9978	0.9919
45003	0.9496	0.9413
45005	0.7769	0.7835
45007	0.9919	0.9843
45009	0.7057	0.6585
45011	0.8402	0.8347
45013	0.9969	0.9984
45015	0.9781	0.9779
45017	0.8610	0.8463
45019	0.9725	0.9697
45021	0.9113	0.9005
45023	0.9939	0.9937
45025	0.9732	0.9727
45027	0.9986	0.9999
45029	0.9986	0.9957
45031	0.9675	0.9583
45033	0.8836	0.8495
45035	0.9401	0.9378
45037	0.7575	0.6235
45039	0.7788	0.7738
45041	0.9729	0.9775
45043	0.9384	0.9398
45045	0.9939	0.9932
45047	0.9711	0.9739
45049	0.7308	0.7180
45051	0.9979	0.9958
45053	0.8728	0.8840
45055	0.9001	0.8825
45057	0.9934	0.9944
45059	0.9603	0.9574
45061	0.9795	0.9695
45063	0.9906	0.9915
45065	0.9914	0.9803
45067	0.8348	0.8055
45069	0.7710	0.8052
45071	0.7430	0.6968
45073	0.8943	0.8014
45075	0.8432	0.8259
45077	0.9812	0.9673
45079	0.9832	0.9843
45081	0.8150	0.7988
45083	0.9875	0.9895
45085	0.9962	0.9934
45087	0.8975	0.9008
45089	0.9723	0.9756
45091	0.9689	0.9712
46003	0.9943	0.9743
46005	0.9944	0.9898
46007	0.7049	0.6996
46009	0.4893	0.6624
46011	0.9592	0.9579
46013	0.9937	0.9930
46015	0.9914	0.9896
46017	0.6476	0.6144
46019	0.8627	0.8755
46021	0.9759	0.9734
46023	0.7863	0.7909
46025	0.9941	0.9961
46027	0.8155	0.8247
46029	0.9751	0.9743
46031	0.7162	0.6903
46033	0.7199	0.7216
46035	1.0000	1.0000
46037	0.9871	0.9850
46039	0.9915	0.9928
46041	0.0132	0.5729
46043	1.0000	1.0000
46045	0.9493	0.9350
46047	0.9437	0.9530
46049	0.9206	0.9700
46051	0.8695	0.9369
46053	0.9661	0.9779
46055	0.7678	0.7713
46057	0.9735	0.9703
46059	0.8023	0.8084
46061	0.7851	0.9670
46063	0.9505	0.9294
46065	0.9106	0.8936
46067	0.9266	0.9868
46069	0.9331	0.9134
46071	0.5826	0.7578
46073	0.9788	0.8904
46075	0.9134	0.8991
46077	0.7137	0.6823
46079	0.9685	0.9720
46081	0.8239	0.8001
46083	0.8743	0.9195
46085	0.9552	0.9607
46087	0.9104	0.9321
46089	0.9635	0.9458
46091	0.9880	0.9892
46093	0.8863	0.8096
46095	0.5886	0.7376
46097	0.7250	0.6668
46099	0.9942	0.9941
46101	0.7920	0.8006
46103	0.9273	0.9259
46105	0.9611	0.9334
46107	0.9911	0.9965
46109	0.8601	0.7712
46111	0.9798	0.7290
46113	0.8698	0.8877
46115	0.9905	0.9919
46117	0.8891	0.8647
46119	0.9784	0.9284
46121	0.8827	0.8916
46123	0.9665	0.9648
46125	0.6864	0.7476
46127	0.8486	0.8863
46129	0.9517	0.9886
46135	0.8899	0.8733
46137	0.0701	0.5843
47001	0.9615	0.9574
47003	0.9613	0.9587
47005	0.5814	0.5865
47007	0.8203	0.8292
47009	0.9604	0.9717
47011	0.9708	0.9721
47013	0.8349	0.8102
47015	0.9953	0.9998
47017	0.7956	0.7539
47019	0.9834	0.9849
47021	0.9417	0.9465
47023	0.7131	0.5948
47025	0.8303	0.8575
47027	0.9544	0.9521
47029	0.8016	0.8100
47031	0.9996	0.9722
47033	0.9102	0.8876
47035	0.9895	0.9891
47037	0.9808	0.9914
47039	0.9177	0.9121
47041	0.9834	0.9865
47043	0.8249	0.7729
47045	0.9473	0.9389
47047	0.7715	0.7580
47049	0.9967	1.0000
47051	0.9032	0.9007
47053	0.9382	0.9341
47055	0.6641	0.6361
47057	0.9780	0.9782
47059	0.9684	0.9610
47061	0.9980	0.9998
47063	0.9908	0.9920
47065	0.9976	0.9968
47067	0.2082	0.2638
47069	0.6013	0.5908
47071	0.7565	0.7754
47073	0.8609	0.8500
47075	0.6209	0.6457
47077	0.7822	0.7800
47079	0.7047	0.7186
47081	0.5735	0.6574
47083	0.9344	0.9556
47085	0.6000	0.5900
47087	0.9976	0.9998
47089	0.9156	0.9042
47091	0.9704	0.9629
47093	0.9943	0.9938
47095	0.9111	0.9220
47097	0.8642	0.8439
47099	0.8270	0.8353
47101	0.6246	0.6107
47103	0.8389	0.7755
47105	0.9382	0.9485
47107	0.7869	0.7900
47109	0.6137	0.6368
47111	0.9805	0.9860
47113	0.9696	0.9598
47115	0.9045	0.8867
47117	0.9077	0.8874
47119	0.9492	0.9516
47121	0.4972	0.5146
47123	0.8225	0.8638
47125	0.9779	0.9790
47127	0.7478	0.7026
47129	0.2323	0.2207
47131	0.9606	0.9514
47133	0.9975	0.9999
47135	0.7545	0.7406
47137	0.9997	0.9974
47139	0.7320	0.7287
47141	0.9963	0.9973
47143	0.8061	0.7541
47145	0.8684	0.8398
47147	0.9005	0.8568
47149	0.9604	0.9908
47151	0.0033	0.0027
47153	0.9945	1.0000
47155	0.9462	0.9425
47157	0.9864	0.9909
47159	0.8657	0.8801
47161	0.6609	0.6594
47163	0.9970	0.9972
47165	0.9611	0.9867
47167	0.8703	0.8597
47169	0.6795	0.6393
47171	0.9819	0.9138
47173	0.8609	0.8817
47175	0.9539	0.9543
47177	0.9993	0.9995
47179	0.9954	0.9955
47181	0.7138	0.7677
47183	0.9353	0.9282
47185	0.9977	1.0000
47187	0.9533	0.9767
47189	0.9709	0.9919
48001	0.8646	0.9012
48003	0.9679	0.9674
48005	0.9311	0.9295
48007	0.9310	0.9718
48009	0.9461	0.9465
48011	0.9540	0.9611
48013	0.9433	0.9433
48015	0.6201	0.5589
48017	0.9932	0.9929
48019	0.4914	0.4203
48021	0.9483	0.9477
48023	0.9872	0.9913
48025	0.9978	0.9978
48027	0.9807	0.9655
48029	0.9996	0.9995
48031	0.7424	0.7663
48033	0.3909	0.3763
48035	0.7573	0.7636
48037	0.9360	0.9090
48039	0.9085	0.9645
48041	0.9484	0.9477
48043	0.7268	0.7128
48045	0.9492	0.9286
48047	0.9366	0.9826
48049	0.7648	0.7488
48051	0.4913	0.4573
48053	0.7897	0.7935
48055	0.9912	0.9927
48057	0.9874	0.9873
48059	0.8225	0.8593
48061	0.9969	0.9986
48063	0.4896	0.4976
48065	0.7672	0.7645
48067	0.5507	0.4852
48069	0.6935	0.6930
48071	0.8545	0.8496
48073	0.7104	0.7199
48075	0.8689	0.8278
48077	0.9608	0.9522
48079	0.8580	0.8679
48081	0.1316	0.1893
48083	0.5229	0.4912
48085	1.0000	1.0000
48087	0.6751	0.6962
48089	0.5631	0.5669
48091	0.9767	0.9913
48093	0.9368	0.9501
48095	0.6223	0.6281
48097	0.9817	0.9806
48099	0.9535	0.9628
48101	0.9136	0.8971
48103	0.9754	0.9729
48105	0.6466	0.5998
48107	0.9529	0.9457
48109	0.7045	0.6853
48111	0.7788	0.7827
48113	1.0000	1.0000
48115	0.9439	0.9362
48117	0.8836	0.8778
48119	0.9699	0.9986
48121	1.0000	1.0000
48123	0.9265	0.9367
48125	0.8856	0.9275
48127	0.8814	0.8840
48129	0.5407	0.5329
48131	0.8720	0.9018
48133	0.7691	0.7714
48135	0.9963	0.9992
48137	0.8176	0.9082
48139	0.9951	0.9945
48141	0.9925	0.9927
48143	0.8603	0.9287
48145	0.9079	0.9077
48147	0.9858	0.9854
48149	0.6298	0.9162
48151	0.5236	0.5686
48153	0.8148	0.7066
48155	0.9743	0.9919
48157	0.9347	0.9858
48159	0.8364	0.8755
48161	0.7136	0.7083
48163	0.9265	0.9815
48165	0.7409	0.7312
48167	0.9474	0.9556
48169	0.8573	0.8590
48171	0.6897	0.7576
48173	0.1072	0.1252
48175	0.7523	0.6954
48177	0.9855	0.9859
48179	0.9262	0.8974
48181	0.9936	0.9918
48183	0.9510	0.9248
48185	0.7688	0.8470
48187	1.0000	1.0000
48189	0.9416	0.9363
48191	0.8321	0.8265
48193	0.7439	0.8829
48195	0.8103	0.8075
48197	0.8882	0.7806
48199	0.7969	0.7898
48201	0.9257	0.9952
48203	0.6260	0.7711
48205	0.8168	0.8239
48207	0.9271	0.9249
48209	0.9796	0.9831
48211	0.6773	0.6748
48213	0.9321	0.9891
48215	0.9993	0.9998
48217	0.9482	0.9429
48219	0.9096	0.9062
48221	0.9900	0.9898
48223	0.7905	0.8220
48225	0.5539	0.5064
48227	0.9728	0.9723
48229	0.6543	0.6505
48231	0.9940	0.9940
48233	0.9251	0.8874
48235	0.4600	0.4754
48237	0.8319	0.8674
48239	0.9277	0.9265
48241	0.4320	0.3668
48243	0.6339	0.6385
48245	0.9798	0.9755
48247	0.9115	0.9324
48249	0.9577	0.9598
48251	0.9976	0.9991
48253	0.6425	0.5830
48255	0.9930	0.9929
48257	0.9977	0.9983
48259	0.8000	0.8959
48261	0.0129	0.0136
48263	0.7936	0.7821
48265	0.9622	0.9687
48267	0.3708	0.3079
48269	0.6667	0.6614
48271	0.7943	0.5522
48273	0.9138	0.9036
48275	0.9964	0.9989
48277	0.9292	0.9096
48279	0.8919	0.9060
48281	0.6988	0.5823
48283	0.8493	0.9866
48285	0.8396	0.8801
48287	0.8147	0.8192
48289	0.5814	0.5893
48291	0.6368	0.5322
48293	0.9573	0.9593
48295	0.7656	0.7563
48297	0.9817	0.9903
48299	0.8940	0.8995
48301	0.1905	0.2000
48303	0.9662	0.9697
48305	0.8705	0.9240
48307	0.9698	0.9677
48309	0.9935	0.9929
48311	0.7024	0.9734
48313	0.5107	0.5202
48315	0.5961	0.5684
48317	0.6136	0.6097
48319	0.7538	0.7692
48321	0.8802	0.8673
48323	0.9787	0.9781
48325	0.9277	0.9330
48327	0.5305	0.5319
48329	0.9890	0.9935
48331	0.8448	0.8376
48333	0.9934	0.9993
48335	0.6269	0.5014
48337	0.8612	0.8701
48339	0.9719	0.9705
48341	0.9403	0.9429
48343	0.7392	0.7127
48345	0.8380	0.8430
48347	0.8894	0.8800
48349	0.7605	0.7465
48351	0.4243	0.3871
48353	0.8572	0.8724
48355	0.9999	0.9999
48357	0.8785	0.8326
48359	0.5108	0.5012
48361	0.9404	0.8852
48363	0.8123	0.8989
48365	0.5405	0.4861
48367	0.9985	0.9992
48369	0.8642	0.8781
48371	0.7946	0.7697
48373	0.9530	0.9472
48375	0.9544	0.9450
48377	0.8403	0.8651
48379	0.7805	0.9361
48381	0.9724	0.9652
48383	0.7987	0.7732
48385	0.7892	0.8026
48387	0.5849	0.5561
48389	0.8605	0.8568
48391	0.9742	0.9703
48393	0.5868	0.5493
48395	0.6672	0.6186
48397	1.0000	1.0000
48399	0.8549	0.8521
48401	0.8477	0.8763
48403	0.5209	0.5602
48405	0.4379	0.7897
48407	0.8602	0.8573
48409	0.9973	0.9974
48411	0.9929	1.0000
48413	0.5591	0.5606
48415	0.8223	0.8066
48417	0.8242	0.8539
48419	0.4482	0.6488
48421	0.7704	0.7679
48423	0.9530	0.9620
48425	0.9651	0.9641
48427	0.9092	0.9484
48429	0.7597	0.7435
48431	0.6444	0.6740
48433	0.8450	0.8699
48435	0.7089	0.7162
48437	0.9814	0.9810
48439	0.9996	1.0000
48441	0.9594	0.9517
48443	0.0000	0.0000
48445	0.8823	0.8880
48447	0.7777	0.7694
48449	0.6040	0.5186
48451	0.9058	0.9079
48453	0.9990	0.9986
48455	0.7647	0.7638
48457	0.4340	0.4050
48459	0.9138	0.9352
48461	0.8684	0.8321
48463	0.9303	0.9187
48465	0.9272	0.9339
48467	0.7053	0.7695
48469	0.9858	0.9861
48471	0.7701	0.7298
48473	0.7815	0.6430
48475	0.9659	0.9661
48477	0.6632	0.6549
48479	0.9681	0.9884
48481	0.6543	0.6606
48483	0.7131	0.7184
48485	0.9821	0.9804
48487	0.9364	0.9355
48489	0.9008	0.9993
48491	0.9826	0.9862
48493	0.9969	0.9969
48495	0.9640	0.9580
48497	0.9895	0.9974
48499	0.7794	0.9256
48501	0.7860	0.7365
48503	0.8825	0.9400
48505	0.8683	0.8683
48507	0.9015	0.7221
49001	0.9390	0.9574
49003	0.9553	0.9542
49005	0.9883	0.9895
49007	0.9307	0.9674
49009	0.0000	0.0000
49011	0.9997	0.9999
49013	0.7578	0.7154
49015	0.9126	0.9002
49017	0.8636	0.8750
49019	0.9450	0.9361
49021	0.9768	0.9815
49023	0.7378	0.7099
49025	0.7106	0.7010
49027	0.8354	0.8257
49029	0.7777	0.9302
49031	0.9338	0.9320
49033	0.9123	0.9171
49035	0.9964	0.9973
49037	0.5440	0.5045
49039	0.8917	0.8681
49041	0.9477	0.9402
49043	0.9361	0.9388
49045	0.9781	0.9736
49047	0.9114	0.9127
49049	0.9932	0.9966
49051	0.9136	0.9423
49053	0.9860	0.9856
49055	0.8048	0.7972
49057	0.9734	0.9875
50001	0.7012	0.6168
50003	0.8889	0.8120
50005	0.7706	0.6315
50007	0.9689	0.9591
50009	0.5272	0.1946
50011	0.9290	0.7562
50013	0.9506	0.6746
50015	0.8451	0.6046
50017	0.8487	0.6708
50019	0.7995	0.5586
50021	0.8921	0.8693
50023	0.8574	0.7784
50025	0.8806	0.7568
50027	0.9198	0.8759
51001	0.8060	0.8098
51003	0.8974	0.8923
51005	0.8234	0.8209
51007	0.6788	0.6443
51009	0.7114	0.7094
51011	0.4463	0.4556
51013	1.0000	1.0000
51015	0.8581	0.8751
51017	0.4845	0.6072
51019	0.7494	0.7637
51021	0.4992	0.5179
51023	0.8201	0.8204
51025	0.4525	0.3471
51027	0.6185	0.6210
51029	0.5285	0.5333
51031	0.8879	0.8542
51033	0.6970	0.8464
51035	0.9994	0.9994
51036	0.7911	0.8028
51037	0.3140	0.3186
51041	0.9856	0.9865
51043	0.6932	0.7014
51045	0.4858	0.5346
51047	0.7711	0.7674
51049	0.4652	0.4627
51051	0.3339	0.3475
51053	0.6489	0.6226
51057	0.7271	0.9000
51059	0.9986	0.9989
51061	0.7423	0.7430
51063	0.8975	0.8615
51065	0.8773	0.8797
51067	0.7965	0.7638
51069	0.7700	0.8022
51071	0.3485	0.6100
51073	0.8738	0.9115
51075	0.4869	0.5132
51077	0.9934	0.9937
51079	0.8880	0.8410
51081	0.4696	0.5069
51083	0.6317	0.5423
51085	0.9154	0.9164
51087	0.9961	0.9961
51089	0.9359	0.9529
51091	0.5136	0.6261
51093	0.9054	0.9187
51095	0.9799	0.9891
51097	0.2473	0.2084
51099	0.9139	0.9409
51101	0.7377	0.6919
51103	0.8758	0.9901
51105	0.7921	0.8007
51107	0.9767	0.9779
51109	0.3192	0.3075
51111	0.5634	0.4908
51113	0.4408	0.4494
51115	0.8300	0.9955
51117	0.8138	0.5496
51119	0.8734	0.9814
51121	0.9157	0.9220
51125	0.3691	0.4035
51127	0.8031	0.8469
51131	0.8490	0.8562
51133	0.9249	0.8961
51135	0.6789	0.6639
51137	0.7722	0.7732
51139	0.8478	0.8488
51141	0.8414	0.7634
51143	0.6449	0.6479
51145	0.8695	0.8710
51147	0.7902	0.7357
51149	0.9273	0.9231
51153	0.9938	0.9937
51155	0.8213	0.8393
51157	0.4246	0.4606
51159	0.5789	0.9211
51161	0.9018	0.9411
51163	0.7148	0.6699
51165	0.8553	0.8663
51167	0.4624	0.5716
51169	0.8307	0.9158
51171	0.9431	0.9364
51173	0.8646	0.8768
51175	0.6681	0.6700
51177	0.9451	0.9556
51179	0.9849	0.9898
51181	0.0387	0.0386
51183	0.5497	0.5266
51185	0.8451	0.8524
51187	0.9326	0.9474
51191	0.8806	0.9057
51193	0.8803	0.9549
51195	0.8006	0.8249
51197	0.8475	0.8689
51199	0.9972	0.9958
51510	1.0000	1.0000
51515	0.9990	0.9990
51520	0.9975	0.9972
51530	0.9983	0.9943
51540	0.9997	0.9995
51550	0.9828	0.9821
51570	0.9969	0.9843
51580	1.0000	0.9990
51590	0.9893	0.9889
51595	0.9922	0.9867
51600	1.0000	1.0000
51610	1.0000	1.0000
51620	0.9997	1.0000
51630	0.9684	0.9563
51640	1.0000	1.0000
51650	0.9847	0.9810
51660	0.9687	0.9458
51670	1.0000	1.0000
51678	1.0000	1.0000
51680	0.9832	0.9747
51683	1.0000	0.9999
51685	1.0000	1.0000
51690	0.9999	0.9996
51700	0.9875	0.9962
51710	0.9890	0.9904
51720	0.9825	0.9812
51730	1.0000	1.0000
51735	0.9928	0.9849
51740	0.9642	0.9768
51750	0.9988	0.9986
51760	0.9980	0.9980
51770	0.9326	0.9859
51775	0.9938	0.9915
51790	0.9980	0.9875
51800	0.9486	0.9545
51810	0.9939	0.9970
51820	0.9926	0.9551
51830	1.0000	1.0000
51840	0.9976	0.9968
53001	1.0000	1.0000
53003	0.9628	0.9630
53005	0.9991	0.9991
53007	0.9170	0.9340
53009	0.9393	0.9461
53011	0.9960	0.9937
53013	0.9967	0.9963
53015	0.9741	0.9650
53017	0.9112	0.9180
53019	0.0774	0.0798
53021	1.0000	1.0000
53023	0.9829	0.9776
53025	0.9917	0.9918
53027	0.9039	0.9438
53029	1.0000	1.0000
53031	0.9544	0.9452
53033	0.9989	0.9995
53035	0.9885	0.9906
53037	0.9859	0.9879
53039	0.8778	0.8730
53041	0.8727	0.8711
53043	0.8754	0.8684
53045	0.8585	0.8617
53047	0.6297	0.6373
53049	0.9208	0.9232
53051	0.7542	0.7483
53053	0.9880	0.9919
53055	0.9855	0.9874
53057	0.9462	0.9810
53059	0.6985	0.7925
53061	0.9940	0.9974
53063	1.0000	1.0000
53065	0.6948	0.7363
53067	0.9746	0.9893
53069	0.8092	0.8124
53071	0.9994	0.9992
53073	0.9964	0.9968
53075	1.0000	1.0000
53077	0.9944	0.9920
54001	0.7891	0.7492
54003	0.9931	0.9972
54005	0.8926	0.9086
54007	0.7389	0.7548
54009	0.9623	0.9882
54011	0.9753	0.9814
54013	0.5750	0.2858
54015	0.5797	0.5279
54017	0.7195	0.7251
54019	0.8101	0.7802
54021	0.7101	0.6425
54023	0.6297	0.5191
54025	0.8207	0.6069
54027	0.7318	0.3802
54029	0.9988	0.9946
54031	0.4471	0.2758
54033	0.9551	0.9262
54035	0.8250	0.7130
54037	0.9875	0.9107
54039	0.9128	0.8887
54041	0.8499	0.8198
54043	0.7047	0.5400
54045	0.8444	0.6620
54047	0.4731	0.6381
54049	0.9501	0.9231
54051	0.8450	0.8034
54053	0.7635	0.6787
54055	0.9443	0.8358
54057	0.5915	0.6543
54059	0.6726	0.4276
54061	0.9770	0.9644
54063	0.6225	0.4451
54065	0.8900	0.8503
54067	0.7694	0.6815
54069	0.9874	0.9800
54071	0.3598	0.2732
54073	0.7131	0.5993
54075	0.5983	0.1999
54077	0.8093	0.7368
54079	0.9277	0.8568
54081	0.8817	0.8612
54083	0.8265	0.7280
54085	0.9005	0.7287
54087	0.5560	0.4046
54089	0.7385	0.6280
54091	0.9268	0.8964
54093	0.6262	0.6322
54095	0.6746	0.6842
54097	0.8524	0.8180
54099	0.7429	0.6404
54101	0.7511	0.6844
54103	0.7596	0.7804
54105	0.7386	0.6778
54107	0.9839	0.9487
54109	0.7788	0.7175
55001	0.6361	0.9549
55003	0.8162	0.7841
55005	0.9447	0.9474
55007	0.8746	0.8743
55009	1.0000	1.0000
55011	0.8236	0.8513
55013	0.7362	0.7011
55015	1.0000	1.0000
55017	0.8994	0.8563
55019	0.6752	0.7098
55021	0.8032	0.8948
55023	0.8158	0.6815
55025	0.9899	0.9822
55027	0.9611	0.9654
55029	0.7904	0.9254
55031	0.8153	0.7682
55033	0.9137	0.8645
55035	0.9334	0.9341
55037	0.6899	0.6847
55039	0.9493	0.9624
55041	0.6761	0.6562
55043	0.8376	0.8105
55045	0.9332	0.9336
55047	0.8679	0.9661
55049	0.8165	0.7891
55051	0.7153	0.6146
55053	0.7141	0.6929
55055	0.9460	0.9402
55057	0.8069	0.9181
55059	0.9961	0.9962
55061	0.9852	0.9849
55063	0.9869	0.9446
55065	0.8623	0.8245
55067	0.8346	0.8260
55069	0.6206	0.7242
55071	0.9994	0.9994
55073	0.8645	0.8776
55075	0.7753	0.7371
55077	0.6334	0.9653
55078	0.9754	0.9834
55079	1.0000	0.9999
55081	0.8751	0.8083
55083	0.9346	0.9085
55085	0.8323	0.8526
55087	0.9942	0.9974
55089	0.9996	0.9998
55091	0.9096	0.8109
55093	0.8068	0.7482
55095	0.9377	0.8826
55097	0.9287	0.9856
55099	0.7666	0.6360
55101	0.9987	0.9961
55103	0.7392	0.7168
55105	0.9763	0.9875
55107	0.8102	0.6623
55109	0.9636	0.9497
55111	0.8672	0.8963
55113	0.8498	0.7125
55115	0.9997	0.9996
55117	0.9973	0.9975
55119	0.5759	0.5433
55121	0.9134	0.7933
55123	0.9875	0.8351
55125	0.5060	0.7541
55127	0.9596	0.9660
55129	0.7214	0.6354
55131	0.9996	0.9991
55133	0.9995	0.9938
55135	0.7914	0.9405
55137	0.7658	0.9215
55139	0.9992	0.9998
55141	0.9232	0.9946
56001	0.9331	0.9386
56003	0.9359	0.9293
56005	0.9578	0.9602
56007	0.6079	0.5545
56009	0.8577	0.8786
56011	0.6257	0.5790
56013	0.7446	0.8758
56015	0.9221	0.9065
56017	0.9254	0.9464
56019	0.8062	0.8271
56021	0.9630	0.9742
56023	0.6949	0.7258
56025	0.9607	0.9699
56027	0.7797	0.7802
56029	0.6583	0.7538
56031	0.7490	0.7544
56033	0.9315	0.9320
56035	0.7642	0.7683
56037	0.8946	0.9346
56039	0.8649	0.8764
56041	0.6577	0.6181
56043	0.9474	0.9505
56045	0.6111	0.6081
60010	0.2039	0.7783
60020	0.0000	0.0000
60030	0	0.0000
60040	0.0000	0.0000
60050	0.2315	0.8725
66010	0.4572	0.9875
69085	0	0.0000
69100	0.0000	0.5850
69110	0.0000	0.7869
69120	0.0000	0.4673
72001	0.4725	0.2914
72003	0.9791	0.9522
72005	0.9796	0.9359
72007	0.7260	0.4064
72009	0.6702	0.5972
72011	0.5521	0.2856
72013	0.7809	0.7645
72015	0.6638	0.6865
72017	0.8410	0.6038
72019	0.7954	0.6187
72021	0.9764	0.9828
72023	0.5679	0.8257
72025	0.8781	0.5629
72027	0.6761	0.7269
72029	0.7416	0.4337
72031	0.8954	0.8054
72033	0.8824	0.9937
72035	0.7235	0.7265
72037	0.7294	0.5367
72039	0.6197	0.3643
72041	0.6484	0.5062
72043	0.6971	0.3165
72045	0.6826	0.7580
72047	0.7246	0.6708
72049	0.1430	0.4173
72051	0.9854	0.9662
72053	0.7842	0.8909
72054	0.9834	0.8756
72055	0.7695	0.7490
72057	0.6571	0.7265
72059	0.7178	0.9651
72061	0.9728	0.9734
72063	0.8166	0.2163
72065	0.9027	0.8110
72067	0.9851	0.9982
72069	0.9013	0.7454
72071	0.9041	0.5388
72073	0.7855	0.5300
72075	0.8041	0.7301
72077	0.9066	0.5973
72079	0.8534	0.7633
72081	0.8302	0.3075
72083	0.3028	0.4615
72085	0.8242	0.1574
72087	0.4125	0.8043
72089	0.8910	0.6609
72091	0.8721	0.5599
72093	0.5883	0.2069
72095	0.7736	0.3294
72097	0.8892	0.8744
72099	0.9632	0.7393
72101	0.7808	0.9360
72103	0.5561	0.0767
72105	0.9096	0.8286
72107	0.4842	0.1463
72109	0.5910	0.5810
72111	0.7156	0.5005
72113	0.8419	0.9157
72115	0.9040	0.9312
72117	0.9692	0.8186
72119	0.6382	0.1783
72121	0.4952	0.6749
72123	0.5485	0.6730
72125	0.9032	0.7097
72127	0.9450	0.9420
72129	0.6831	0.3804
72131	0.7145	0.6602
72133	0.7557	0.6751
72135	0.9275	0.8198
72137	0.9215	0.9826
72139	0.9613	0.8157
72141	0.4418	0.8208
72143	0.8786	0.8892
72145	0.7954	0.6943
72147	0.3105	0.2413
72149	0.7585	0.2508
72151	0.6517	0.2713
72153	0.3070	0.3710
78010	0.0000	0.8809
78020	0.0000	0.2777
78030	0.0000	0.4530